Dataset,Classifier,Accuracy,Precision,Recall,F1-Score,AUC-ROC,Log Loss,Clean Accuracy,OOD Accuracy,Accuracy Drop,OOD Entropy,Clean Utility,OOD Utility,Calibration Utility
Original,Logistic Regression,0.9868,0.9941,0.9922,0.9931,0.9943,0.0351,0.9868,0.9511,0.0357,0.0778,0.9922,0.9643,0.7427884615384616
Original,Random Forest,0.9962,0.998,0.998,0.998,0.9997,0.0137,0.9962,0.9774,0.0188,0.1197,0.99815,0.9812,1.0
Original,Gradient Boosting,0.9906,0.9922,0.998,0.9951,0.9988,0.0242,0.9906,0.985,0.0056,0.0444,0.9953100000000001,0.9944,0.8737980769230769
Original,Neural Network (MLP),0.9906,0.9922,0.998,0.9951,0.9958,0.0362,0.9906,0.9718,0.0188,0.0437,0.99441,0.9812,0.7295673076923077
CTGAN,Logistic Regression,0.985,0.9922,0.9922,0.9922,0.9762,0.061,0.985,0.8722,0.1128,0.1234,0.98596,0.8872,0.4314903846153847
CTGAN,Random Forest,0.9906,0.9961,0.9941,0.9951,0.9868,0.0969,0.9906,0.906,0.0846,0.3595,0.9917100000000001,0.9154,0.0
CTGAN,Gradient Boosting,0.9887,0.9941,0.9941,0.9941,0.979,0.0693,0.9887,0.8722,0.1165,0.2105,0.98849,0.8835,0.3317307692307693
CTGAN,Neural Network (MLP),0.9906,0.9922,0.998,0.9951,0.9904,0.0394,0.9906,0.9455,0.0451,0.065,0.9927900000000001,0.9549,0.6911057692307693
Adv-CTGAN,Logistic Regression,0.985,0.9941,0.9902,0.9922,0.986,0.0547,0.985,0.9023,0.0827,0.1182,0.9889000000000001,0.9173,0.5072115384615385
Adv-CTGAN,Random Forest,0.9887,0.9961,0.9922,0.9941,0.9942,0.0438,0.9887,0.7707,0.218,0.4643,0.99305,0.782,0.6382211538461539
Adv-CTGAN,Gradient Boosting,0.9887,0.9941,0.9941,0.9941,0.9889,0.049,0.9887,0.5865,0.4023,0.2747,0.99146,0.5977,0.5757211538461539
Adv-CTGAN,Neural Network (MLP),0.9868,0.9903,0.9961,0.9932,0.9836,0.0528,0.9868,0.9643,0.0226,0.0721,0.9890399999999999,0.9774,0.5300480769230769
